{"이미지 정보":{"이미지 식별자":564362,"이미지 높이":533,"이미지 파일명":"_MG_2324.jpg","이미지 너비":800},"데이터셋 정보":{"파일 생성일자":"2020-10-19 14:54:28","데이터셋 상세설명":{"렉트좌표":{"아우터":[{"X좌표":275.011,"Y좌표":6.50498,"가로":259,"세로":508}],"하의":[{}],"원피스":[{}],"상의":[{}]},"폴리곤좌표":{"아우터":[{"Y좌표9":512.749,"X좌표18":373.511,"X좌표17":464.511,"X좌표16":475.511,"X좌표15":517.511,"X좌표14":535.511,"X좌표13":534.511,"X좌표12":501.511,"X좌표11":487.511,"Y좌표4":50.9827,"X좌표10":469.511,"Y좌표3":35.9903,"Y좌표2":31.9923,"Y좌표1":10.0035,"Y좌표8":515.747,"Y좌표7":356.828,"Y좌표6":350.831,"Y좌표5":127.944,"Y좌표15":47.9842,"Y좌표14":322.845,"X좌표8":329.511,"Y좌표17":7.00498,"X좌표9":411.511,"Y좌표16":29.9933,"Y좌표11":495.757,"Y좌표10":506.752,"Y좌표13":356.828,"Y좌표12":366.823,"X좌표2":348.511,"X좌표3":327.511,"X좌표1":369.511,"X좌표6":275.511,"X좌표7":306.511,"Y좌표18":8.00447,"X좌표4":303.511,"X좌표5":286.511}],"하의":[{}],"원피스":[{}],"상의":[{}]},"라벨링":{"스타일":[{"스타일":"모던"}],"아우터":[{"기장":"롱","카테고리":"코트","옷깃":"폴로칼라","프린트":["무지"],"핏":"노멀"}],"하의":[{}],"원피스":[{}],"상의":[{}]}},"파일 번호":564362,"파일 이름":"_MG_2324.jpg"}}