{"이미지 정보":{"이미지 식별자":1225395,"이미지 높이":800,"이미지 파일명":"1-(9)-004-271-3031-5163-TOP_009_03.jpg","이미지 너비":800},"데이터셋 정보":{"파일 생성일자":"2020-11-19 15:43:03","데이터셋 상세설명":{"렉트좌표":{"아우터":[{}],"하의":[{}],"원피스":[{}],"상의":[{"X좌표":365.786,"Y좌표":-1.49168,"가로":347,"세로":579}]},"폴리곤좌표":{"아우터":[{}],"하의":[{}],"원피스":[{}],"상의":[{"X좌표8":713.802,"X좌표9":708.809,"X좌표2":465.148,"X좌표3":533.054,"X좌표1":433.193,"X좌표6":701.819,"X좌표7":707.811,"X좌표4":608.948,"X좌표5":656.881,"Y좌표26":155.79,"Y좌표25":168.772,"Y좌표28":32.9611,"Y좌표9":400.45,"Y좌표27":119.84,"Y좌표22":425.415,"Y좌표21":476.344,"Y좌표24":207.718,"Y좌표23":253.654,"Y좌표20":502.308,"X좌표19":413.22,"X좌표18":422.208,"X좌표17":423.207,"X좌표16":415.218,"X좌표15":449.17,"X좌표14":516.077,"X좌표13":565.009,"X좌표12":598.962,"X좌표11":657.88,"Y좌표4":71.9069,"X좌표10":695.827,"Y좌표3":4.00138,"Y좌표2":-0.991678,"Y좌표1":29.9653,"Y좌표8":355.512,"Y좌표7":299.59,"Y좌표6":285.61,"Y좌표5":158.786,"Y좌표15":502.308,"Y좌표14":497.315,"Y좌표17":546.247,"Y좌표16":488.328,"Y좌표11":409.437,"Y좌표10":409.437,"Y좌표13":476.344,"Y좌표12":418.425,"X좌표28":430.197,"X좌표27":373.276,"X좌표26":388.255,"X좌표25":380.266,"X좌표24":377.27,"X좌표23":372.277,"X좌표22":386.258,"X좌표21":366.286,"X좌표20":396.244,"Y좌표19":578.203,"Y좌표18":568.217}]},"라벨링":{"스타일":[{"스타일":"매니시"}],"아우터":[{}],"하의":[{}],"원피스":[{}],"상의":[{"기장":"노멀","색상":"네이비","서브색상":"화이트","카테고리":"블라우스","옷깃":"셔츠칼라","디테일":["띠"],"소매기장":"7부소매","소재":["우븐"],"프린트":["스트라이프"],"핏":"노멀"}]}},"파일 번호":1225395,"파일 이름":"1-(9)-004-271-3031-5163-TOP_009_03.jpg"}}