{"이미지 정보":{"이미지 식별자":1225405,"이미지 높이":800,"이미지 파일명":"1-(9)-004-271-3031-5163-TOP_009_imgs.jpg","이미지 너비":800},"데이터셋 정보":{"파일 생성일자":"2020-11-19 15:43:06","데이터셋 상세설명":{"렉트좌표":{"아우터":[{}],"하의":[{}],"원피스":[{}],"상의":[{"X좌표":50.2246,"Y좌표":0.505544,"가로":652,"세로":757}]},"폴리곤좌표":{"아우터":[{}],"하의":[{}],"원피스":[{}],"상의":[{"X좌표8":606.951,"X좌표9":624.926,"X좌표2":449.17,"X좌표3":460.155,"X좌표1":403.234,"X좌표6":699.822,"X좌표7":694.829,"X좌표4":692.831,"X좌표5":702.818,"Y좌표26":1.00554,"Y좌표25":2.00416,"Y좌표28":58.925,"Y좌표9":505.304,"Y좌표27":68.9111,"Y좌표22":340.533,"Y좌표21":465.36,"Y좌표24":39.9514,"Y좌표23":191.74,"Y좌표20":525.276,"X좌표19":194.525,"X좌표18":213.498,"X좌표17":320.35,"X좌표16":325.343,"X좌표15":409.226,"X좌표14":425.204,"X좌표13":440.183,"X좌표12":499.101,"X좌표11":608.948,"Y좌표4":2.00416,"X좌표10":628.92,"Y좌표3":4.00138,"Y좌표2":17.9819,"Y좌표1":56.9278,"Y좌표8":460.367,"Y좌표7":451.379,"Y좌표6":438.397,"Y좌표5":287.607,"Y좌표15":755.956,"Y좌표14":758.951,"Y좌표17":608.161,"Y좌표16":645.11,"Y좌표11":570.214,"Y좌표10":541.254,"Y좌표13":618.147,"Y좌표12":617.149,"X좌표28":402.236,"X좌표27":393.248,"X좌표26":333.332,"X좌표25":105.648,"X좌표24":99.6565,"X좌표23":96.6607,"X좌표22":77.6871,"X좌표21":50.7246,"X좌표20":179.545,"Y좌표19":566.219,"Y좌표18":576.206}]},"라벨링":{"스타일":[{"스타일":"매니시"}],"아우터":[{}],"하의":[{}],"원피스":[{}],"상의":[{"기장":"노멀","색상":"네이비","서브색상":"화이트","카테고리":"블라우스","옷깃":"셔츠칼라","디테일":["띠"],"소매기장":"7부소매","소재":["우븐"],"프린트":["스트라이프"],"핏":"노멀"}]}},"파일 번호":1225405,"파일 이름":"1-(9)-004-271-3031-5163-TOP_009_imgs.jpg"}}