{"이미지 정보":{"이미지 식별자":1225430,"이미지 높이":800,"이미지 파일명":"1-(9)-004-271-3031-5163-TOP_012_01.jpg","이미지 너비":800},"데이터셋 정보":{"파일 생성일자":"2020-11-19 15:43:12","데이터셋 상세설명":{"렉트좌표":{"아우터":[{}],"하의":[{}],"원피스":[{}],"상의":[{"X좌표":169.059,"Y좌표":3.50138,"가로":538,"세로":663}]},"폴리곤좌표":{"아우터":[{}],"하의":[{}],"원피스":[{}],"상의":[{"Y좌표43":145.804,"Y좌표40":20.9778,"Y좌표42":91.8792,"Y좌표41":48.9389,"X좌표39":196.522,"X좌표38":182.541,"X좌표37":183.54,"X좌표36":169.559,"X좌표35":195.523,"X좌표34":237.465,"X좌표33":256.438,"X좌표32":286.397,"X좌표31":282.402,"X좌표30":335.329,"Y좌표37":330.547,"Y좌표36":409.437,"X좌표8":619.933,"Y좌표39":81.893,"X좌표9":686.84,"Y좌표38":159.785,"Y좌표33":485.332,"Y좌표32":518.286,"Y좌표35":437.399,"Y좌표34":439.396,"Y좌표31":566.219,"Y좌표30":629.132,"X좌표2":353.304,"X좌표43":316.355,"X좌표3":378.269,"X좌표42":295.384,"X좌표41":294.386,"X좌표1":325.343,"X좌표40":285.398,"X좌표6":558.019,"X좌표7":594.968,"X좌표4":427.201,"X좌표5":524.066,"Y좌표26":521.282,"Y좌표25":503.307,"Y좌표28":643.112,"Y좌표9":207.718,"Y좌표27":533.265,"Y좌표22":439.396,"Y좌표21":383.474,"Y좌표24":412.433,"Y좌표23":448.383,"Y좌표20":316.567,"X좌표19":567.007,"X좌표18":591.972,"X좌표17":578.99,"X좌표16":651.888,"X좌표15":619.933,"X좌표14":699.822,"X좌표13":706.812,"X좌표12":702.818,"X좌표11":707.811,"Y좌표4":39.9514,"X좌표10":691.833,"Y좌표3":4.00138,"Y좌표2":91.8792,"Y좌표1":145.804,"Y좌표8":160.783,"Y좌표7":135.818,"Y좌표29":667.079,"Y좌표6":100.867,"Y좌표5":46.9417,"Y좌표15":345.526,"Y좌표14":338.536,"Y좌표17":297.593,"Y좌표16":306.581,"Y좌표11":247.662,"Y좌표10":226.692,"Y좌표13":296.594,"Y좌표12":271.629,"X좌표29":356.3,"X좌표28":368.283,"X좌표27":354.302,"X좌표26":409.226,"X좌표25":442.18,"X좌표24":479.129,"X좌표23":522.069,"X좌표22":549.031,"X좌표21":573.997,"X좌표20":568.005,"Y좌표19":255.651,"Y좌표18":260.644}]},"라벨링":{"스타일":[{"스타일":"매니시","서브스타일":"모던"}],"아우터":[{}],"하의":[{}],"원피스":[{}],"상의":[{"기장":"노멀","색상":"화이트","서브색상":"네이비","카테고리":"블라우스","옷깃":"셔츠칼라","디테일":["띠"],"소매기장":"7부소매","소재":["우븐"],"프린트":["그래픽"],"핏":"노멀"}]}},"파일 번호":1225430,"파일 이름":"1-(9)-004-271-3031-5163-TOP_012_01.jpg"}}