{"이미지 정보":{"이미지 식별자":807401,"이미지 높이":1066,"이미지 파일명":"@기획샘플@-jk2232k04(2)-물고기(샘플,심플숏자켓)-얼굴컷,어두운컷 밝게보정,다리 예쁘게 보정해주세요~-IMG_0769.JPG","이미지 너비":800},"데이터셋 정보":{"파일 생성일자":"2020-11-04 12:40:11","데이터셋 상세설명":{"렉트좌표":{"아우터":[{"X좌표":0.203125,"Y좌표":181.329,"가로":633,"세로":671}],"하의":[{}],"원피스":[{}],"상의":[{}]},"폴리곤좌표":{"아우터":[{"X좌표39":337.703,"X좌표38":321.703,"X좌표37":326.703,"X좌표36":358.703,"X좌표35":388.703,"X좌표34":401.703,"X좌표33":386.703,"X좌표32":423.703,"X좌표31":459.703,"X좌표30":367.703,"X좌표49":626.703,"X좌표48":619.703,"X좌표47":586.703,"X좌표46":545.703,"X좌표45":539.703,"X좌표44":551.703,"X좌표43":524.703,"X좌표42":483.703,"X좌표41":435.703,"X좌표40":371.703,"Y좌표26":392.631,"Y좌표25":503.527,"Y좌표28":266.75,"Y좌표27":330.689,"Y좌표22":736.309,"Y좌표21":716.327,"Y좌표24":597.439,"Y좌표23":722.322,"Y좌표20":693.349,"X좌표58":409.703,"X좌표57":466.703,"X좌표56":517.703,"X좌표55":555.703,"X좌표54":590.703,"X좌표53":625.703,"X좌표52":634.703,"X좌표51":626.703,"X좌표50":632.703,"Y좌표29":247.767,"Y좌표15":410.614,"Y좌표14":405.619,"Y좌표17":538.494,"Y좌표16":498.532,"Y좌표11":297.72,"Y좌표10":230.783,"Y좌표13":390.633,"Y좌표12":372.65,"Y좌표19":594.442,"Y좌표18":579.456,"Y좌표48":643.396,"Y좌표47":670.371,"Y좌표49":606.431,"Y좌표44":776.271,"Y좌표43":812.237,"Y좌표46":677.364,"Y좌표45":721.323,"Y좌표40":848.204,"Y좌표42":850.202,"Y좌표41":853.199,"Y좌표37":694.348,"Y좌표36":550.483,"X좌표8":128.703,"Y좌표39":839.212,"X좌표9":71.7031,"Y좌표38":800.249,"Y좌표33":268.748,"Y좌표32":267.749,"Y좌표35":446.581,"Y좌표34":334.686,"Y좌표31":204.808,"Y좌표30":214.798,"X좌표2":351.703,"X좌표3":297.703,"X좌표1":406.703,"X좌표6":146.703,"X좌표7":169.703,"X좌표4":239.703,"X좌표5":203.703,"Y좌표9":183.827,"X좌표19":165.703,"X좌표18":159.703,"X좌표17":179.703,"X좌표16":183.703,"X좌표15":200.703,"X좌표14":125.703,"X좌표13":58.7031,"X좌표12":1.70312,"X좌표11":0.703125,"Y좌표4":256.759,"X좌표10":37.7031,"Y좌표3":240.774,"Y좌표2":200.811,"Y좌표1":187.824,"Y좌표8":208.804,"Y좌표7":244.77,"Y좌표6":295.722,"Y좌표5":279.737,"Y좌표58":189.822,"Y좌표55":228.785,"Y좌표54":253.762,"Y좌표57":181.829,"Y좌표56":216.796,"Y좌표51":447.58,"Y좌표50":513.518,"Y좌표53":285.732,"Y좌표52":339.681,"X좌표29":360.703,"X좌표28":368.703,"X좌표27":346.703,"X좌표26":301.703,"X좌표25":278.703,"X좌표24":275.703,"X좌표23":246.703,"X좌표22":225.703,"X좌표21":184.703,"X좌표20":151.703}],"하의":[{}],"원피스":[{}],"상의":[{}]},"라벨링":{"스타일":[{"스타일":"리조트","서브스타일":"클래식"}],"아우터":[{"기장":"노말","색상":"베이지","카테고리":"재킷","옷깃":"셔츠칼라","디테일":["포켓"],"소매기장":"긴팔","소재":["우븐"],"프린트":["무지"],"핏":"노멀"}],"하의":[{}],"원피스":[{}],"상의":[{}]}},"파일 번호":807401,"파일 이름":"@기획샘플@-jk2232k04(2)-물고기(샘플,심플숏자켓)-얼굴컷,어두운컷 밝게보정,다리 예쁘게 보정해주세요~-IMG_0769.JPG"}}